Tumor Grade,Biopsy Result,Lymph Node Involvement,Bowel Obstruction,Smoking History,Type of Colon Cancer
3,Positive,Yes,Yes,Non-Smoker,3
3,Negative,Yes,Yes,Smoker,2
2,Negative,No,No,Non-Smoker,3
1,Negative,Yes,No,Smoker,2
1,Negative,No,No,Non-Smoker,2
3,Positive,No,Yes,Non-Smoker,2
1,Negative,Yes,Yes,Non-Smoker,3
3,Negative,Yes,No,Non-Smoker,1
3,Negative,No,No,Non-Smoker,2
2,Positive,Yes,No,Non-Smoker,1
2,Positive,No,No,Smoker,1
2,Positive,Yes,No,Non-Smoker,3
3,Negative,Yes,No,Smoker,1
2,Negative,Yes,Yes,Non-Smoker,1
1,Positive,No,Yes,Non-Smoker,3
1,Negative,Yes,Yes,Smoker,2
3,Positive,No,No,Non-Smoker,1
3,Positive,No,No,Smoker,3
2,Negative,No,No,Smoker,1
3,Negative,No,No,Smoker,1
3,Negative,Yes,No,Smoker,2
1,Negative,No,No,Non-Smoker,1
1,Positive,No,Yes,Non-Smoker,3
2,Positive,Yes,Yes,Smoker,1
3,Positive,No,No,Non-Smoker,2
3,Positive,Yes,Yes,Non-Smoker,2
1,Positive,No,No,Smoker,3
3,Negative,Yes,Yes,Non-Smoker,2
1,Positive,No,No,Smoker,1
2,Positive,Yes,No,Smoker,2
1,Positive,No,Yes,Non-Smoker,3
3,Negative,No,Yes,Non-Smoker,2
2,Negative,Yes,No,Non-Smoker,2
1,Negative,Yes,No,Smoker,2
1,Negative,Yes,Yes,Smoker,3
2,Positive,Yes,Yes,Non-Smoker,2
2,Positive,No,No,Non-Smoker,2
1,Negative,No,Yes,Non-Smoker,1
3,Negative,Yes,No,Non-Smoker,3
1,Positive,No,No,Smoker,2
2,Positive,Yes,No,Non-Smoker,3
1,Negative,Yes,No,Smoker,2
2,Negative,No,Yes,Smoker,2
2,Negative,No,Yes,Non-Smoker,2
3,Negative,No,Yes,Non-Smoker,1
2,Positive,No,Yes,Non-Smoker,1
2,Positive,No,Yes,Smoker,1
3,Positive,No,Yes,Non-Smoker,3
2,Negative,No,Yes,Non-Smoker,3
3,Negative,Yes,No,Smoker,1
3,Positive,Yes,Yes,Non-Smoker,3
2,Positive,Yes,Yes,Smoker,2
2,Positive,Yes,No,Non-Smoker,2
1,Positive,Yes,Yes,Smoker,2
3,Negative,No,Yes,Non-Smoker,1
1,Positive,Yes,No,Non-Smoker,3
2,Positive,Yes,Yes,Smoker,1
1,Positive,Yes,Yes,Smoker,3
3,Positive,Yes,Yes,Non-Smoker,2
1,Positive,Yes,No,Smoker,1
3,Positive,Yes,Yes,Smoker,3
2,Positive,Yes,Yes,Smoker,3
2,Negative,No,No,Smoker,2
3,Negative,No,Yes,Non-Smoker,1
2,Negative,Yes,No,Non-Smoker,1
2,Negative,No,No,Smoker,1
2,Positive,No,Yes,Smoker,2
2,Negative,No,No,Smoker,1
3,Negative,No,No,Smoker,2
1,Positive,Yes,Yes,Non-Smoker,2
1,Positive,No,No,Non-Smoker,2
2,Negative,No,No,Smoker,3
1,Negative,No,Yes,Smoker,1
1,Positive,Yes,Yes,Smoker,1
2,Negative,Yes,Yes,Non-Smoker,2
2,Positive,Yes,No,Smoker,2
1,Positive,Yes,Yes,Non-Smoker,1
3,Positive,Yes,No,Smoker,2
2,Positive,Yes,No,Non-Smoker,1
3,Negative,Yes,No,Smoker,3
1,Positive,No,No,Non-Smoker,2
2,Positive,No,No,Smoker,1
3,Negative,No,No,Smoker,2
2,Positive,Yes,No,Smoker,1
1,Negative,Yes,Yes,Non-Smoker,1
3,Negative,Yes,Yes,Smoker,2
1,Negative,Yes,No,Non-Smoker,3
1,Positive,Yes,No,Non-Smoker,1
2,Negative,No,Yes,Smoker,1
3,Negative,No,No,Smoker,1
1,Positive,Yes,Yes,Smoker,3
1,Negative,Yes,Yes,Non-Smoker,3
3,Negative,Yes,Yes,Smoker,2
1,Negative,Yes,No,Non-Smoker,3
1,Negative,No,No,Non-Smoker,2
3,Negative,Yes,Yes,Smoker,2
3,Positive,Yes,Yes,Smoker,3
3,Negative,Yes,Yes,Smoker,2
3,Negative,Yes,Yes,Smoker,3
2,Positive,No,Yes,Smoker,2
